CREATE DATABASE DBCurso
USE DBCurso

--Criar Tabela de Professores
CREATE TABLE Professor(
	id_professor INT NOT NULL,
	nome_professor VARCHAR(200) NOT NULL,
)

--Inserir dados dos professores
INSERT INTO Professor(id_professor, nome_professor)
VALUES
	(1, 'Faustino'),
	(2, 'Carlinho'),
	(3, 'Alexandre'),
	(4, 'Flávio'),
	(5, 'Ismael'),
	(6, 'Shoji'),
	(7, 'Cássio'),
	(8, 'Ilso'),
	(9, 'Jorge'),
	(10, 'Daniel'),
	(11, 'Abraão'),
	(12, 'John'),
	(13, 'Kico'),
	(14, 'Felipe'),
	(15, 'Magalhães'),
	(16, 'Adilson'),
	(17, 'Lazinho'),
	(18, 'Wellington'),
	(19, 'Aleandra'),
	(20, 'Cátia'),
	(21, 'Tuany'),
	(22, 'Cleide'),
	(23, 'J.Edson'),
	(24, 'Kleber'),
	(25, 'Edilson'),
	(26, 'Paulo'),
	(27, 'João'),
	(28, 'Lucas'),
	(29, 'Anderson'),
	(30, 'Silas'),
	(31, 'George'),
	(32, 'Ewerson'),
	(33, 'Bruno'),
	(34, 'Marcelo D.'),
	(35, 'Marcelo R.'),
	(36, 'Edna'),
	(37, 'Severino'),
	(38, 'Fernando'),
	(39, 'Sidney'),
	(40, 'Roberto'),
	(41, 'Elnir'),
	(42, 'Osnir'),
	(43, 'Xavier'),
	(44, 'Ivan'),
	(45, 'Danilo'),
	(46, 'Wesley'),
	(47, 'William'),
	(48, 'Ailson'),
	(49, 'Diego'),
	(50, 'Cícero'),
	(51, 'Félix'),
	(52, 'Natália'),
	(53, 'Rafael'),
	(54, 'Ana C.')

--Criar Tabela Aluno	
CREATE TABLE Aluno(
	id_aluno INT NOT NULL,
	primeiroNome VARCHAR(100) NOT NULL,
	segundoNome VARCHAR(100) NOT NULL
)

-------------------------------------------------------------------------------
--Adicionar dados a tabela Aluno
INSERT INTO Aluno(id_aluno, primeiroNome, segundoNome)
VALUES
	(1, 'Alisson', 'S.Macedo'),
	(2, 'Beatriz', 'Brito'),
	(3, 'Geovana', 'Gomes'),
	(4, 'Lucas', 'Alencar'),
	(5, 'Lenon', 'Silva'),
	(6, 'Kauã', 'Lemes'),
	(7, 'Edith', 'Matarazo'),
	(8, 'Marcelo', 'Moura'),
	(9, 'Tereza', 'Siqueira'),
	(10, 'Heloisa', 'Xavier'),
	(11, 'Karolina', 'Silva'),
	(12, 'Bruna', 'Castro'),
	(13, 'Sergio', 'Natalino'),
	(14, 'Gilberto', 'Pessoa'),
	(15, 'Wellington', 'Silva'),
	(16, 'Patrícia', 'Pilar'),
	(17, 'Sueli', 'Natalino'),
	(18, 'Marli', 'Novaes'),
	(19, 'Janaina', 'Carinne'),
	(20, 'Lobato', 'Silva'),
	(21, 'Loren', 'Martins'),
	(22, 'Marlene', 'Natalino'),
	(23, 'Nair', 'Alves'),
	(24, 'Ezequiel', 'Siqueira'),
	(25, 'Nadir', 'Figueiredo'),
	(26, 'Glauco', 'Montanaro'),
	(27, 'Regis', 'Lemes'),
	(28, 'Francisco', 'Gomes'),
	(29, 'Melane', 'Moura'),
	(30, 'Miguel', 'Lima'),
	(31, 'Kauã', 'Figueiredo'),
	(32, 'Sônia', 'de Paula'),
	(33, 'Luana', 'Ludvico'),
	(34, 'Gláucia', 'Martins'),
	(35, 'Soráia', 'Terroso'),
	(36, 'Elizabeth', 'Cristina'),
	(37, 'João', 'Teodoro'),
	(38, 'Renato', 'Watanabe'),
	(39, 'Sônia', 'Siribelle'),
	(40, 'Lucas', 'Gabriel'),
	(41, 'Beatriz', 'Lima'),
	(42, 'Marlene', 'Lins'),
	(43, 'Carlos', 'Yakimoto'),
	(44, 'Thiago', 'Servilha'),
	(45, 'Rodrigo', 'Ubiratan'),
	(46, 'Celso', 'Shumbakler'),
	(47, 'Athaide', 'Carvalho'),
	(48, 'Malaquias', 'Figo'),
	(49, 'Terêncis', 'Enji'),
	(50, 'Raquel', 'Blumensi'),
	(51, 'Ivone', 'Silva'),
	(52, 'Esmeralda', 'Lima'),
	(53, 'Fagner', 'Faria'),
	(54, 'Óliver', 'Carvalho'),
	(55, 'Glauco', 'Medeiros'),
	(56, 'Silmary', 'Bittencurt'),
	(57, 'Claudia', 'Remo'),
	(58, 'Simone', 'Tolegary'),
	(59, 'Vitória', 'Sinell'),
	(60, 'HAnny', 'Mayumi'),
	(61, 'Ricardo', 'Tobamoto'),
	(62, 'Manoel', 'Pereguini'),
	(63, 'Raquel', 'Montreal'),
	(64, 'Miguel', 'Alagoa'),
	(65, 'João', 'Andrade'),
	(66, 'Paulo', 'Lucaresky'),
	(67, 'Thiago', 'Taverna'),
	(68, 'Felipe', 'Alcântara'),
	(69, 'Vinícius', 'Senegau'),
	(70, 'Claudinei', 'Guido')
	
---------------------------------------------------------------
--Criar Tabela Formação
CREATE TABLE Formacao(
	id_formacao INT NOT NULL,
	cod_formacao VARCHAR(20) NOT NULL,
	formacao VARCHAR(100) NOT NULL,
)

--Inserir dados da tabela Formação
INSERT INTO Formacao(id_formacao, cod_formacao, formacao)
VALUES
	(1, 'CT', 'Curso Técnico'),
	(2, 'CAI', 'Curso de Aprendizagem Industrial'),
	(3, 'FIC', 'Curso de Formação Inicial e Continuada')
--------------------------------------------------------------------------
--Criar Tabela Curso	
CREATE TABLE Curso(
	id_curso INT NOT NULL,
	nome_curso VARCHAR(200) NOT NULL,
	formacao VARCHAR(100) NOT NULL
)

--Inserir dados dos Cursos
INSERT INTO Curso(id_curso, nome_curso, formacao)
VALUES
	(1, 'Desenvolvimento de Sistema', 1),
	(2, 'Mecatrônica', 1),
	(3, 'Eletroeletrônica', 1),
	(4, 'Fabricação Mecânica', 1),
	(5, 'Eletricista de Manutenção', 2),
	(6, 'Mecânico de Usinagem', 2),
	(7, 'Mecânico de Manutenção', 2),
	(8, 'OPerador de Produção Industrial', 2),
	(9, 'Assistente Administrativo', 2),
	(10, 'Eletricista Instalador', 3),
	(11, 'Comandos Eletricos', 3),
	(12, 'CLP - Controlador Lógico Programável', 3),
	(13, 'Reparador de Circuitos Eletrônicos', 3),
	(14, 'Montador de Painéis Elétricos', 3),
	(15, 'Instrumentação Básica', 3),
	(16, 'Instrumentação', 3),
	(17, 'Java', 3),
	(18, 'DB Banco de Dados', 3),
	(19, 'Assistente de Recursos Humanos', 3),
	(20, 'Liderança e Desenvolvimento do Potencial Humano', 3),
	(21, 'Rescisão Contratual', 3),
	(22, 'Assistente de Controle da Qualidade', 3),
	(23, 'Ferramentas da Qualidade', 3),
	(24, 'Operador de Lean Manufacturing', 3),
	(25, 'Auxiliar de Compras', 3),
	(26, 'Logística Reversa', 3),
	(27, 'Operador de Logística', 3),
	(28, 'Operador de Máquinas de Usinagem Convencionais', 3),
	(29, 'Administração da Manutenção', 3),
	(30, 'Hidráulica e Pneumática Industrial',3),
	(31, 'Inspetor de Qualidade', 3),
	(32, 'Técnicas de Lubrificação', 3),
	(33, 'Soldador ao Arco Elétrico e Oxigás', 3),
	(34, 'Soldagem Eletrodo Revestido 1F e 1G', 3),
	(35, 'Soldagem MAG em Aço Carbono', 3),
	(36, 'NR-11 - Operação de Empilhadeira', 3),
	(37, 'Segurança em Instalações e serviços em Eletricidade - NR10', 3),
	(38, 'Auto CAD 2D', 3),
	(39, 'Dashboard em Excel', 3),
	(40, 'Excel Básico', 3),
	(41, 'Excel Avançado', 3),
	(42, 'Power BI', 3),
	(43, 'Microsoft DP-900', 3)
	


--Criar Tabela Unidade_Curricular	
CREATE TABLE Unidade_Curricular(
	id_unid_Curricular INT NOT NULL,
	nome_unidade_Curricular VARCHAR(200) NOT NULL
)
--------------------------------------------------------------------------------------
--Adicionar dados a tabela Unidade_Curricular
INSERT INTO Unidade_Curricular(id_unid_Curricular, nome_unidade_Curricular)
VALUES
	(1, 'FBOO - Fundamento Básico em Oriemtação a Objeto'),
	(2, 'LMAR - Linguagem de Marcação'),
	(3, 'LOG - Lógica de Programação'),
	(4, 'DB - Banco de Dados'),
	(5, 'PWFR - Programação Web, Front End'),
	(6, 'PWBK - Programação Web, Back End'),
	(7, 'MEAP - Mecânica Aplicada a Sistemas Automatizados'),
	(8, 'COM - Comunicação em Multimeios'),
	(9, 'MAQ1 - Máquinas e Acionamentos 1'),
	(10, 'MAQ2 - Máquinas e Acionamentos 2'),
	(11, 'SELOP - Sistemas Eletrônicos Prediais'),
	(12, 'DET1 - Desenho Técnico 1'),
	(13, 'DET2 - Desenho Técnico 2'),
	(14, 'CAP1 - Ciência Aplicada 1'),
	(15, 'CAP2 - Ciência Aplicada 2'),
	(16, 'FMAN - Fundamentos de Manutenção'),
	(17, 'FUSI - Fundamentos de Usinagem'),
	(18, 'DEMEC - Desenho Técnico Mecânico'),
	(19, 'MATU1 - Matemática Aplicada 1'),
	(20, 'CIAU1 - Ciência Aplicada a Usinagem 1'),
	(21, 'CIAU2 - Ciência Aplicada a Usinagem 2'),
	(22, 'MIND1 - Manutenção 1'),
	(23, 'MIND2 - Manutenção 2'),
	(24, 'POPF1 - Progr.Operações de Processos Fabricação 1'),
	(25, 'POPF2 - Progr.Operações de Processos Fabricação 2'),
	(26, 'PRO - Projetos'),
	(27, 'GPFM - Gestão Processos FAbricação Mecânica'),
	(28, 'GPES - Gestão de Pessoas'),
	(29, 'FAUT - Fundamentos de Automação'),
	(30, 'TLUB1 - Técnicas de Lubrificação'),
	(31, 'USAM - Usinagem Aplicada á Manutenção'),
	(32, 'ELE - Eletricidade'),
	(33, 'IEP - Instalações Elétricas Prediais'),
	(34, 'ISELI1 - Integração de Sistemas Elétricos Industriais 1'),
	(35, 'ISELI2 - Integração de Sistemas Elétricos Industriais 2'),
	(36, 'SELDI1 - Sistemas Eletrônicos Digitais 1'),
	(37, 'SELDI2 - Sistemas Eletrônicos Digitais 2'),
	(38, 'SELAN1 - Sistemas Eletrônicos Analógicos 1'),
	(39, 'SELAN2 - Sistemas Eletrônicos Analógicos 2'),
	(40, 'MSEL - Máquinas e Sistemas Elétricos'),
	(41, 'Assistente de Recursos Humanos'),
	(42, 'Liderança e Desenvolvimento do Potencial Humano'),
	(43, 'Rescisão Contratual'),
	(44, 'Assistente de Controle da Qualidade'),
	(45, 'Ferramentas da Qualidade'),
	(46, 'Operador de Lean Manufacturing'),
	(47, 'Auxiliar de Compras'),
	(48, 'Logística Reversa'),
	(49, 'Operador de Logística'),
	(50, 'Operador de Máquinas de Usinagem Convencionais'),
	(51, 'Administração da Manutenção'),
	(52, 'Hidráulica e Pneumática Industrial'),
	(53, 'Inspetor de Qualidade'),
	(54, 'Técnicas de Lubrificação'),
	(55, 'Soldador ao Arco Elétrico e Oxigás'),
	(56, 'Soldagem Eletrodo Revestido 1F e 1G'),
	(57, 'Soldagem MAG em Aço Carbono'),
	(58, 'NR-11 - Operação de Empilhadeira'),
	(59, 'Segurança em Instalações e serviços em Eletricidade - NR10'),
	(60, 'Auto CAD 2D'),
	(61, 'Dashboard em Excel'),
	(62, 'Excel Básico'),
	(63, 'Excel Avançado'),
	(64, 'Power BI'),
	(65, 'Implantação e Análise de Dados em Nuvem - Microsoft DP-900')
--------------------------------------------------------------------------------
--Criar Tabela Lista de Alunos
CREATE TABLE ListaAluno(
	id_lista INT NOT NULL,
	id_aluno INT NOT NULL,
	id_turma INT NOT NULL
)


--Inserir dados da Lista de Alunos
INSERT INTO ListaAluno(id_lista, id_aluno, id_turma)
VALUES
	(1, 1, 3),
	(1, 2, 3),
	(1, 3, 3),
	(1, 4, 3),
	(2, 5, 2),
	(2, 12, 2),
	(2, 14, 2),
	(2, 15, 2),
	(3, 6, 1),
	(3, 7, 1),
	(3, 8, 1),
	(3, 9, 1),
	(4, 10, 4),
	(4, 11, 4),
	(4, 13, 4),
	(4, 16, 4),
	(5, 17, 5),
	(5, 18, 5),
	(5, 19, 5),
	(5, 20, 5),
	(6, 21, 6),
	(6, 22, 6),
	(6, 23, 6),
	(6, 24, 6),
	(7, 1, 11),
	(7, 4, 11),
	(7, 8, 11),
	(8, 6, 12),
	(8, 13, 12),
	(8, 14, 12),
	(8, 18, 12),
	(8, 21, 12),
	(9, 25, 7),
	(9, 26, 7),
	(9, 27, 7),
	(9, 28, 7),
	(9, 29, 7),
	(10, 30, 8),
	(10, 31, 8),
	(10, 32, 8),
	(10, 33, 8),
	(10, 34, 8),
	(10, 35, 8),
	(11, 36, 9),
	(11, 37, 9),
	(11, 38, 9),
	(11, 39, 9),
	(12, 40, 10),
	(12, 41, 10),
	(12, 42, 10),
	(12, 43, 10),
	(13, 44, 13),
	(13, 45, 13),
	(13, 46, 13),
	(13, 47, 13),
	(14, 15, 14),
	(14, 20, 14),
	(14, 28, 14),
	(14, 02, 14),
	(14, 33, 14),
	(14, 50, 14),
	(14, 56, 14),
	(14, 70, 14),
	(15, 48, 17),
	(15, 49, 17),
	(15, 50, 17),
	(15, 51, 17),
	(15, 52, 17),
	(15, 53, 17),
	(16, 54, 20),
	(16, 55, 20),
	(16, 56, 20),
	(16, 57, 20),
	(16, 58, 20),
	(16, 59, 20),
	(16, 60, 20)

----------------------------------------------------------
--Criar Tabela de Turma
CREATE TABLE Turma(
	id_turma INT NOT NULL,
	nome_turma VARCHAR(100) NOT NULL,
	id_curso INT NOT NULL,
	id_lista INT NULL,
	inicio DATETIME NOT NULL,
	termino DATETIME NOT NULL
)
---------------------------------------------------------------------------------

--Inserir dados das Turmas
INSERT INTO Turma(id_turma, nome_turma, id_curso, inicio, termino)
VALUES
	(1, 'I1P', 1, '23/1/23', '20/06/23'),
	(2, 'I1M', 2, '23/1/23', '20/06/23'),
	(3, 'M2P', 1, '23/1/23', '20/06/23'),
	(4, 'I1C1', 3, '23/1/23', '20/06/23'),
	(5, 'I1C2', 3, '23/1/23', '20/06/23'),
	(6, 'M1C', 3, '23/1/23', '20/06/23'),
	(7, 'T1C', 3, '23/1/23', '20/06/23'),
	(8, 'T1B', 5, '23/1/23', '20/06/23'),
	(9, 'T2A', 6, '23/1/23', '20/06/23'),
	(10, 'T2E', 7, '23/1/23', '20/06/23'),
	(11, 'T3D', 4, '23/1/23', '20/06/23'),
	(12, 'T4N', 8, '23/1/23', '20/06/23'),
	(13, 'Assistente de Recursos Humanos', 19, '6/2/23', '16/6/23'),
	(14, 'Rescisão Contratual', 21, '6/2/23', '16/6/23'),
	(15, 'Assistente de Controle da Qualidade', 22, '6/2/23', '16/6/23'),
	(16, 'Ferramentas da Qualidade', 23, '6/2/23', '16/6/23'),
	(17, 'Operador de Lean Manufacturing', 24, '6/2/23', '16/6/23'),
	(18, 'Auxiliar de Compras', 25, '6/2/23', '16/6/23'),
	(19, 'Logística Reversa', 26, '6/2/23', '16/6/23'),
	(20, 'Operador de Logística', 27, '6/2/23', '16/6/23'),
	(21, 'Operador de Máquinas de Usinagem Convencionais', 28, '6/2/23', '16/6/23'),
	(22, 'Administração da Manutenção', 29, '6/2/23', '16/6/23'),
	(23, 'Hidráulica e Pneumática Industrial', 30, '6/2/23', '16/6/23'),
	(24, 'Inspetor de Qualidade', 31, '6/2/23', '16/6/23'),
	(25, 'Técnicas de Lubrificação', 32, '6/2/23', '16/6/23'),
	(26, 'Soldador ao Arco Elétrico e Oxigás', 33, '6/2/23', '16/6/23'),
	(27, 'Soldagem Eletrodo Revestido 1F e 1G', 34, '6/2/23', '16/6/23'),
	(28, 'Soldagem MAG em Aço Carbono', 35, '6/2/23', '16/6/23'),
	(29, 'NR-11 - Operação de Empilhadeira', 36, '1/3/23', '18/8/23'),
	(30, 'Segurança em Instalações e serviços em Eletricidade - NR10', 37, '1/3/23', '18/8/23'),
	(31, 'Auto CAD 2D', 38, '1/3/23', '18/8/23'),
	(32, 'Dashboard em Excel', 39, '1/3/23', '18/8/23'),
	(33, 'Excel Básico', 40, '1/3/23', '18/8/23'),
	(34, 'Excel Avançado', 41, '1/3/23', '18/8/23'),
	(35, 'Power BI', 42, '1/3/23', '18/8/23'),
	(36, 'Microsoft DP-900', 43, '1/3/23', '18/8/23'),
	(37, 'Assistente Administrativo', 9, '1/3/23', '18/8/23'),
	(38, 'Eletricista Instalador', 10, '1/3/23', '18/8/23'),
	(39, 'Comandos Eletricos', 11, '1/3/23', '18/8/23'),
	(40, 'CLP - Controlador Lógico Programável', 12, '1/3/23', '18/8/23'),
	(41, 'Instrumentação', 16, '1/3/23', '18/8/23'),
	(42, 'Java-Novotec', 17, '1/3/23', '18/8/23'),
	(43, 'Banco de Dados', 18, '1/3/23', '18/8/23')



--Criar Tabela de Atribuição de Aulas	
CREATE TABLE AtribuiçãoAula(
	id_atribuicao INT NOT NULL,
	id_turma INT NOT NULL,
	id_unid_Curricular INT NOT NULL,
	id_professor INT NOT NULL
)


--Inserir dados na tabela Atribuição de Aulas
INSERT INTO AtribuiçãoAula(id_atribuicao, id_turma, id_unid_Curricular, id_professor)
VALUES
	(1, 1, 1, 5),
	(2, 1, 2, 33),
	(3, 1, 5, 30),
	(4, 2, 3, 5),
	(5, 2, 7, 18),
	(6, 2, 8, 21),
	(7, 3, 4, 5),
	(8, 3, 5, 30),
	(9, 3, 6, 33),
	(10, 4, 9, 1),
	(11, 4, 11, 6),
	(12, 4, 12, 23),
	(13, 6, 11, 6),
	(14, 6, 14, 27),
	(15, 8, 32, 9),
	(16, 8, 33, 11),
	(17, 9, 19, 22),
	(18, 10, 29, 5),
	(19, 10, 30, 17)
